{
  "overall": {
    "mae": 10.579748283872073,
    "rmse": 11.91078692800088,
    "r2": -27.562076990405565,
    "mape": 43.061367409942925,
    "num_samples": 140
  },
  "by_horizon": {
    "1": {
      "mae": 7.8913465942202405,
      "rmse": 8.634629861423385,
      "r2": -11.992769306631313,
      "num_samples": 80
    },
    "2": {
      "mae": 11.768149633338263,
      "rmse": 12.931067689685996,
      "r2": -42.46135720890813,
      "num_samples": 40
    },
    "3": {
      "mae": 18.956552343547017,
      "rmse": 18.98461382657115,
      "r2": -191.32292009470356,
      "num_samples": 20
    }
  },
  "by_edge": {
    "E001": {
      "mae": 10.8321770409752,
      "rmse": 12.239041558973554,
      "num_samples": 7
    },
    "E002": {
      "mae": 10.915234820509212,
      "rmse": 12.135399470058347,
      "num_samples": 7
    },
    "E003": {
      "mae": 9.816268715448803,
      "rmse": 11.181217201817214,
      "num_samples": 7
    },
    "E004": {
      "mae": 11.356080282228536,
      "rmse": 12.473818431596326,
      "num_samples": 7
    },
    "E005": {
      "mae": 11.32009990633233,
      "rmse": 12.540517021933729,
      "num_samples": 7
    },
    "E006": {
      "mae": 11.096332386992803,
      "rmse": 12.241999968768786,
      "num_samples": 7
    },
    "E007": {
      "mae": 10.637090002031366,
      "rmse": 11.840686602800847,
      "num_samples": 7
    },
    "E008": {
      "mae": 10.667624026759645,
      "rmse": 11.936522593524781,
      "num_samples": 7
    },
    "E009": {
      "mae": 11.132958365793021,
      "rmse": 12.469557824210819,
      "num_samples": 7
    },
    "E010": {
      "mae": 11.130864878975695,
      "rmse": 12.293350218778176,
      "num_samples": 7
    }
  },
  "by_prediction_point": {
    "14:00": {
      "mae": 12.377651878152296,
      "rmse": 13.443886076664556,
      "num_samples": 60
    },
    "16:00": {
      "mae": 2.8626603801541095,
      "rmse": 3.208212409775449,
      "num_samples": 20
    },
    "15:00": {
      "mae": 13.0720086764596,
      "rmse": 13.70439299249738,
      "num_samples": 40
    },
    "15:30": {
      "mae": 7.918604619574303,
      "rmse": 8.05855425810307,
      "num_samples": 20
    }
  },
  "variance_analysis": {
    "mean_variance": 26.68233718181561,
    "std_variance": 25.241697163300767,
    "max_variance": 60.82147411048451
  }
}