{
  "overall": {
    "mae": 8.424890510123117,
    "rmse": 9.564359091629939,
    "r2": -0.6774555602533268,
    "mape": 44.363621549391866,
    "num_samples": 350
  },
  "by_horizon": {
    "1": {
      "mae": 7.333962923812867,
      "rmse": 8.310457267847328,
      "r2": -0.2559214305072637,
      "num_samples": 200
    },
    "2": {
      "mae": 7.685387045288086,
      "rmse": 8.599984995612886,
      "r2": -0.3842889900541704,
      "num_samples": 100
    },
    "3": {
      "mae": 14.267607785034182,
      "rmse": 14.702532774427356,
      "r2": -2.9501829034487637,
      "num_samples": 50
    }
  },
  "by_edge": {
    "node-10.749586-106.671759->node-10.750591-106.666344": {
      "mae": 8.907955812726703,
      "rmse": 11.18086061905762,
      "num_samples": 7
    },
    "node-10.749586-106.671759->node-10.753465-106.669497": {
      "mae": 8.373588093348912,
      "rmse": 9.341487068134859,
      "num_samples": 7
    },
    "node-10.750591-106.666344->node-10.753465-106.669497": {
      "mae": 5.57415945325579,
      "rmse": 6.387303045374844,
      "num_samples": 7
    },
    "node-10.751877-106.683760->node-10.755578-106.688708": {
      "mae": 9.839009039742605,
      "rmse": 10.239086281437277,
      "num_samples": 7
    },
    "node-10.752793-106.728535->node-10.751524-106.724035": {
      "mae": 7.5450086048671166,
      "rmse": 8.296140136774861,
      "num_samples": 7
    },
    "node-10.753465-106.669497->node-10.759875-106.668686": {
      "mae": 5.127945687430247,
      "rmse": 5.7639873674917155,
      "num_samples": 7
    },
    "node-10.753823-106.686917->node-10.751877-106.683760": {
      "mae": 7.513272792271205,
      "rmse": 8.262689051729335,
      "num_samples": 7
    },
    "node-10.753823-106.686917->node-10.755578-106.688708": {
      "mae": 11.42820528302874,
      "rmse": 13.043479903661927,
      "num_samples": 7
    },
    "node-10.753823-106.686917->node-10.756048-106.683663": {
      "mae": 7.345020942687989,
      "rmse": 8.02386627682851,
      "num_samples": 7
    },
    "node-10.753823-106.686917->node-10.759103-106.693216": {
      "mae": 12.31447346823556,
      "rmse": 13.783501084844584,
      "num_samples": 7
    }
  },
  "by_prediction_point": {
    "15:00": {
      "mae": 8.442455364608765,
      "rmse": 9.226294295035366,
      "num_samples": 100
    },
    "15:30": {
      "mae": 6.899647122192383,
      "rmse": 7.873791749209694,
      "num_samples": 50
    },
    "14:00": {
      "mae": 9.231649881744385,
      "rmse": 10.587903178649896,
      "num_samples": 150
    },
    "16:00": {
      "mae": 7.494726074218749,
      "rmse": 8.47242960000196,
      "num_samples": 50
    }
  },
  "variance_analysis": {
    "mean_variance": 7.770931387467742,
    "std_variance": 12.488627205992952,
    "max_variance": 54.638721767641584
  }
}