{
  "model": "GCN",
  "timestamp": "20251109_141758",
  "config": {
    "window_length": 6,
    "gcn_units": 64,
    "dropout_rate": 0.2,
    "learning_rate": 0.001,
    "epochs": 10,
    "batch_size": 16,
    "early_stopping_patience": 10
  },
  "data": {
    "train_samples": 6624,
    "val_samples": 1296,
    "test_samples": 1584,
    "num_edges": 144
  },
  "metrics": {
    "train": {
      "mae": 22.71799550862972,
      "mae_normalized": 0.676831841468811
    },
    "val": {
      "mae": 22.342063737199407,
      "mae_normalized": 0.6223854422569275
    }
  },
  "training_history": {
    "loss": [
      1.0121939182281494,
      0.9653962254524231,
      0.9262081980705261,
      0.8955980539321899,
      0.8718072175979614,
      0.854222297668457,
      0.8394068479537964,
      0.830856204032898,
      0.8211844563484192,
      0.8135765194892883
    ],
    "val_loss": [
      0.7024325728416443,
      0.6850879788398743,
      0.6725404858589172,
      0.6613301634788513,
      0.6524832248687744,
      0.6439423561096191,
      0.6352652311325073,
      0.6277498602867126,
      0.6197383999824524,
      0.6123186945915222
    ],
    "mae": [
      0.7821799516677856,
      0.7576373815536499,
      0.7363214492797852,
      0.7201765775680542,
      0.7069131135940552,
      0.6985888481140137,
      0.6908214688301086,
      0.6859496235847473,
      0.6815560460090637,
      0.676831841468811
    ],
    "val_mae": [
      0.6965851783752441,
      0.6833326816558838,
      0.6732454299926758,
      0.6638883352279663,
      0.6563627123832703,
      0.6491589546203613,
      0.6419336199760437,
      0.6357694864273071,
      0.6289977431297302,
      0.6223854422569275
    ]
  },
  "parameters": 2561
}