{
  "sequence_length": 6,
  "num_layers": 4,
  "hidden_channels": 32,
  "kernel_size": 2,
  "dropout_rate": 0.2,
  "learning_rate": 0.001,
  "model_name": "GraphWaveNet",
  "num_nodes": 144,
  "edge_to_idx": {
    "node-10.737984-106.721606_node-10.737481-106.730410": 0,
    "node-10.746522-106.660427_node-10.746264-106.669053": 1,
    "node-10.749586-106.671759_node-10.746264-106.669053": 2,
    "node-10.749586-106.671759_node-10.750591-106.666344": 3,
    "node-10.749586-106.671759_node-10.753465-106.669497": 4,
    "node-10.749586-106.671759_node-10.757421-106.673939": 5,
    "node-10.750591-106.666344_node-10.746264-106.669053": 6,
    "node-10.750591-106.666344_node-10.746522-106.660427": 7,
    "node-10.750591-106.666344_node-10.753465-106.669497": 8,
    "node-10.751524-106.724035_node-10.755484-106.723277": 9,
    "node-10.751524-106.724035_node-10.756666-106.718849": 10,
    "node-10.751877-106.683760_node-10.755578-106.688708": 11,
    "node-10.751877-106.683760_node-10.759503-106.684051": 12,
    "node-10.752793-106.728535_node-10.751524-106.724035": 13,
    "node-10.752793-106.728535_node-10.755484-106.723277": 14,
    "node-10.753465-106.669497_node-10.746264-106.669053": 15,
    "node-10.753465-106.669497_node-10.757421-106.673939": 16,
    "node-10.753465-106.669497_node-10.759875-106.668686": 17,
    "node-10.753823-106.686917_node-10.751877-106.683760": 18,
    "node-10.753823-106.686917_node-10.755578-106.688708": 19,
    "node-10.753823-106.686917_node-10.756048-106.683663": 20,
    "node-10.753823-106.686917_node-10.759103-106.693216": 21,
    "node-10.753823-106.686917_node-10.759503-106.684051": 22,
    "node-10.753823-106.686917_node-10.761259-106.683235": 23,
    "node-10.755578-106.688708_node-10.759103-106.693216": 24,
    "node-10.755578-106.688708_node-10.759503-106.684051": 25,
    "node-10.756048-106.683663_node-10.751877-106.683760": 26,
    "node-10.756048-106.683663_node-10.755578-106.688708": 27,
    "node-10.756048-106.683663_node-10.759503-106.684051": 28,
    "node-10.756048-106.683663_node-10.760533-106.677134": 29,
    "node-10.756666-106.718849_node-10.755484-106.723277": 30,
    "node-10.757421-106.673939_node-10.760533-106.677134": 31,
    "node-10.757421-106.673939_node-10.761091-106.674789": 32,
    "node-10.757421-106.673939_node-10.762243-106.676490": 33,
    "node-10.759103-106.693216_node-10.761459-106.700184": 34,
    "node-10.759503-106.684051_node-10.760533-106.677134": 35,
    "node-10.759503-106.684051_node-10.762243-106.676490": 36,
    "node-10.759875-106.668686_node-10.757421-106.673939": 37,
    "node-10.759875-106.668686_node-10.760533-106.677134": 38,
    "node-10.759875-106.668686_node-10.761091-106.674789": 39,
    "node-10.759875-106.668686_node-10.762243-106.676490": 40,
    "node-10.759875-106.668686_node-10.767804-106.667123": 41,
    "node-10.760533-106.677134_node-10.761091-106.674789": 42,
    "node-10.760533-106.677134_node-10.762243-106.676490": 43,
    "node-10.761091-106.674789_node-10.761259-106.683235": 44,
    "node-10.761259-106.683235_node-10.755578-106.688708": 45,
    "node-10.761259-106.683235_node-10.756048-106.683663": 46,
    "node-10.761259-106.683235_node-10.759503-106.684051": 47,
    "node-10.761259-106.683235_node-10.760533-106.677134": 48,
    "node-10.761259-106.683235_node-10.762243-106.676490": 49,
    "node-10.761259-106.683235_node-10.766384-106.678785": 50,
    "node-10.761259-106.683235_node-10.768073-106.684310": 51,
    "node-10.761459-106.700184_node-10.767345-106.706097": 52,
    "node-10.761650-106.696389_node-10.759103-106.693216": 53,
    "node-10.761650-106.696389_node-10.761459-106.700184": 54,
    "node-10.762243-106.676490_node-10.761091-106.674789": 55,
    "node-10.764404-106.698972_node-10.759103-106.693216": 56,
    "node-10.764404-106.698972_node-10.761459-106.700184": 57,
    "node-10.764404-106.698972_node-10.761650-106.696389": 58,
    "node-10.764404-106.698972_node-10.766495-106.701049": 59,
    "node-10.764404-106.698972_node-10.767345-106.706097": 60,
    "node-10.764404-106.698972_node-10.768215-106.702670": 61,
    "node-10.764404-106.698972_node-10.771050-106.701121": 62,
    "node-10.764404-106.698972_node-10.771120-106.696525": 63,
    "node-10.766384-106.678785_node-10.759503-106.684051": 64,
    "node-10.766384-106.678785_node-10.760533-106.677134": 65,
    "node-10.766384-106.678785_node-10.761091-106.674789": 66,
    "node-10.766384-106.678785_node-10.762243-106.676490": 67,
    "node-10.766384-106.678785_node-10.772736-106.679015": 68,
    "node-10.766495-106.701049_node-10.761459-106.700184": 69,
    "node-10.766495-106.701049_node-10.761650-106.696389": 70,
    "node-10.766495-106.701049_node-10.767345-106.706097": 71,
    "node-10.766495-106.701049_node-10.768215-106.702670": 72,
    "node-10.766495-106.701049_node-10.771050-106.701121": 73,
    "node-10.766495-106.701049_node-10.771120-106.696525": 74,
    "node-10.767345-106.706097_node-10.771050-106.701121": 75,
    "node-10.767440-106.674410_node-10.760533-106.677134": 76,
    "node-10.767440-106.674410_node-10.761091-106.674789": 77,
    "node-10.767440-106.674410_node-10.762243-106.676490": 78,
    "node-10.767440-106.674410_node-10.766384-106.678785": 79,
    "node-10.767440-106.674410_node-10.767804-106.667123": 80,
    "node-10.767440-106.674410_node-10.772736-106.679015": 81,
    "node-10.768073-106.684310_node-10.759503-106.684051": 82,
    "node-10.768073-106.684310_node-10.766384-106.678785": 83,
    "node-10.768073-106.684310_node-10.772736-106.679015": 84,
    "node-10.768073-106.684310_node-10.774326-106.688263": 85,
    "node-10.768215-106.702670_node-10.761459-106.700184": 86,
    "node-10.768215-106.702670_node-10.767345-106.706097": 87,
    "node-10.768215-106.702670_node-10.771050-106.701121": 88,
    "node-10.768215-106.702670_node-10.771120-106.696525": 89,
    "node-10.771120-106.696525_node-10.771050-106.701121": 90,
    "node-10.771120-106.696525_node-10.779575-106.694991": 91,
    "node-10.771233-106.693127_node-10.764404-106.698972": 92,
    "node-10.771233-106.693127_node-10.771050-106.701121": 93,
    "node-10.771233-106.693127_node-10.771120-106.696525": 94,
    "node-10.771233-106.693127_node-10.774790-106.690611": 95,
    "node-10.771233-106.693127_node-10.779575-106.694991": 96,
    "node-10.773433-106.722620_node-10.771366-106.716828": 97,
    "node-10.774326-106.688263_node-10.771120-106.696525": 98,
    "node-10.774326-106.688263_node-10.771233-106.693127": 99,
    "node-10.774326-106.688263_node-10.774790-106.690611": 100,
    "node-10.774326-106.688263_node-10.779575-106.694991": 101,
    "node-10.774790-106.690611_node-10.771120-106.696525": 102,
    "node-10.774790-106.690611_node-10.779575-106.694991": 103,
    "node-10.779575-106.694991_node-10.781476-106.699636": 104,
    "node-10.782732-106.686834_node-10.774326-106.688263": 105,
    "node-10.782732-106.686834_node-10.774790-106.690611": 106,
    "node-10.782732-106.686834_node-10.779575-106.694991": 107,
    "node-10.782732-106.686834_node-10.783453-106.690783": 108,
    "node-10.782732-106.686834_node-10.785873-106.690029": 109,
    "node-10.783453-106.690783_node-10.774790-106.690611": 110,
    "node-10.783453-106.690783_node-10.779575-106.694991": 111,
    "node-10.783453-106.690783_node-10.781476-106.699636": 112,
    "node-10.783453-106.690783_node-10.783793-106.698783": 113,
    "node-10.783793-106.698783_node-10.779575-106.694991": 114,
    "node-10.783793-106.698783_node-10.781476-106.699636": 115,
    "node-10.783793-106.698783_node-10.788468-106.699588": 116,
    "node-10.784533-106.707943_node-10.781476-106.699636": 117,
    "node-10.784533-106.707943_node-10.789376-106.713954": 118,
    "node-10.784533-106.707943_node-10.790494-106.701513": 119,
    "node-10.784663-106.695983_node-10.779575-106.694991": 120,
    "node-10.784663-106.695983_node-10.781476-106.699636": 121,
    "node-10.784663-106.695983_node-10.783453-106.690783": 122,