{
  "model": "GraphWaveNet",
  "timestamp": "20251109_163755",
  "config": {
    "sequence_length": 6,
    "num_layers": 4,
    "hidden_channels": 32,
    "kernel_size": 2,
    "dropout": 0.2,
    "learning_rate": 0.001,
    "epochs": 100,
    "batch_size": 16
  },
  "data_splits": {
    "train_samples": 6624,
    "val_samples": 1296,
    "test_samples": 1584,
    "train_ratio": 0.7,
    "val_ratio": 0.15
  },
  "final_metrics": {
    "train_mae_normalized": 2.251770257949829,
    "train_mae_kmh": 15.423785499797697,
    "val_mae_normalized": 1.6123260259628296,
    "val_mae_kmh": 11.043831266709098
  },
  "training_history": {
    "train_loss": [
      185.6787109375,
      44.80333709716797,
      76.4848861694336,
      34.75232696533203,
      22.901493072509766,
      32.56432342529297,
      24.96415138244629,
      15.201425552368164,
      16.5869083404541,
      17.7830753326416,
      13.478057861328125,
      12.125326156616211,
      13.214673042297363,
      12.129080772399902,
      11.172784805297852,
      11.19298267364502,
      11.282322883605957,
      11.047285079956055,
      10.822539329528809,
      10.662591934204102,
      10.754958152770996,
      10.68542194366455,
      10.570466041564941,
      10.883140563964844,
      10.461060523986816,
      10.459138870239258,
      10.315641403198242,
      10.261655807495117,
      10.43974494934082,
      10.37069320678711,
      10.323677062988281,
      10.178715705871582,
      10.219438552856445,
      10.193456649780273
    ],
    "val_loss": [
      22.88506317138672,
      97.0777359008789,
      55.04963302612305,
      13.045123100280762,
      14.592047691345215,
      13.031585693359375,
      7.052661895751953,
      13.084040641784668,
      17.181062698364258,
      11.326258659362793,
      5.32399845123291,
      4.447084426879883,
      4.189749717712402,
      4.322357654571533,
      5.861120223999023,
      6.139398097991943,
      5.187758445739746,
      3.9896371364593506,
      3.8830766677856445,
      4.093906402587891,
      4.713136196136475,
      4.770532608032227,
      4.226773738861084,
      3.7756073474884033,
      4.0750956535339355,
      4.584656238555908,
      4.624283313751221,
      4.450992107391357,
      4.135440826416016,
      4.205827713012695,
      4.344425678253174,
      4.3769073486328125,
      4.37170934677124,
      4.453634738922119
    ],
    "train_mae": [
      11.466941833496094,
      5.479351997375488,
      7.930807590484619,
      4.993250846862793,
      3.5237507820129395,
      4.25064754486084,
      3.6455636024475098,
      2.898499011993408,
      3.2556846141815186,
      3.4108500480651855,
      2.8109230995178223,
      2.5140221118927,
      2.620861053466797,
      2.5036253929138184,
      2.3980050086975098,
      2.4512081146240234,
      2.4494497776031494,
      2.3944878578186035,
      2.3280892372131348,
      2.3093738555908203,
      2.338886260986328,
      2.3234946727752686,
      2.316995620727539,
      2.328998565673828,
      2.279529571533203,
      2.277953624725342,
      2.2739574909210205,
      2.267098903656006,
      2.283651351928711,
      2.2596969604492188,
      2.2689719200134277,
      2.245771884918213,
      2.262260913848877,
      2.251770257949829
    ],
    "val_mae": [
      3.9376001358032227,
      9.31347370147705,
      6.861421585083008,
      2.945117235183716,
      2.80527663230896,
      2.6807634830474854,
      2.006963014602661,
      3.1307790279388428,
      3.708203077316284,
      2.9051105976104736,
      1.7842689752578735,
      1.558476448059082,
      1.5112634897232056,
      1.5752836465835571,
      1.9348325729370117,
      1.9945634603500366,
      1.78709876537323,
      1.4932020902633667,
      1.4640860557556152,
      1.5205045938491821,
      1.6757999658584595,
      1.6885172128677368,
      1.5553665161132812,
      1.436924934387207,
      1.5146526098251343,
      1.6445069313049316,
      1.6536332368850708,
      1.6123775243759155,
      1.5308655500411987,
      1.549783706665039,
      1.5856208801269531,
      1.5935882329940796,
      1.592166781425476,
      1.6123260259628296
    ]
  }
}