{
  "overall": {
    "mae": 7.892520587730408,
    "rmse": 8.810678564998742,
    "r2": -0.4289755190596023,
    "mape": 37.482165110800196,
    "num_samples": 200
  },
  "by_horizon": {
    "1": {
      "mae": 8.45295341466268,
      "rmse": 9.359642491678208,
      "r2": -0.5922162138041482,
      "num_samples": 150
    },
    "2": {
      "mae": 6.211222106933594,
      "rmse": 6.906772356667655,
      "r2": 0.0848712020484893,
      "num_samples": 50
    }
  },
  "by_edge": {
    "node-10.749586-106.671759->node-10.750591-106.666344": {
      "mae": 3.736499176025391,
      "rmse": 4.71004018333331,
      "num_samples": 4
    },
    "node-10.749586-106.671759->node-10.753465-106.669497": {
      "mae": 5.141996555328369,
      "rmse": 5.183343074142221,
      "num_samples": 4
    },
    "node-10.750591-106.666344->node-10.753465-106.669497": {
      "mae": 4.564790477752686,
      "rmse": 4.7560186555513875,
      "num_samples": 4
    },
    "node-10.751877-106.683760->node-10.755578-106.688708": {
      "mae": 9.89334720611572,
      "rmse": 10.047282092270713,
      "num_samples": 4
    },
    "node-10.752793-106.728535->node-10.751524-106.724035": {
      "mae": 6.01517689704895,
      "rmse": 6.053031895328107,
      "num_samples": 4
    },
    "node-10.753465-106.669497->node-10.759875-106.668686": {
      "mae": 4.387697219848633,
      "rmse": 4.442109601909334,
      "num_samples": 4
    },
    "node-10.753823-106.686917->node-10.751877-106.683760": {
      "mae": 7.517475576400757,
      "rmse": 7.594306339617909,
      "num_samples": 4
    },
    "node-10.753823-106.686917->node-10.755578-106.688708": {
      "mae": 17.838293342590333,
      "rmse": 17.9182471569258,
      "num_samples": 4
    },
    "node-10.753823-106.686917->node-10.756048-106.683663": {
      "mae": 6.294093294143677,
      "rmse": 6.445946115989325,
      "num_samples": 4
    },
    "node-10.753823-106.686917->node-10.759103-106.693216": {
      "mae": 8.507892045974732,
      "rmse": 8.808104866287808,
      "num_samples": 4
    }
  },
  "by_prediction_point": {
    "15:00": {
      "mae": 8.02403203201294,
      "rmse": 8.830756046291734,
      "num_samples": 50
    },
    "14:00": {
      "mae": 7.746423505973814,
      "rmse": 8.715061191754803,
      "num_samples": 100
    },
    "15:30": {
      "mae": 8.05320330696106,
      "rmse": 8.979164304195237,
      "num_samples": 50
    }
  },
  "variance_analysis": {
    "mean_variance": 1.0382228784988319,
    "std_variance": 0.7577800545476556,
    "max_variance": 3.5439559071128315
  }
}