{
  "overall": {
    "mae": 6.792445013809203,
    "rmse": 7.77065391753865,
    "r2": -0.11153004963960722,
    "mape": 31.942010703525213,
    "num_samples": 200
  },
  "by_horizon": {
    "1": {
      "mae": 7.280375207010906,
      "rmse": 8.255760346083141,
      "r2": -0.23878995815503434,
      "num_samples": 150
    },
    "2": {
      "mae": 5.328654434204102,
      "rmse": 6.087652466161201,
      "r2": 0.2890621431833743,
      "num_samples": 50
    }
  },
  "by_edge": {
    "node-10.749586-106.671759->node-10.750591-106.666344": {
      "mae": 3.4037884330749515,
      "rmse": 4.021242825077378,
      "num_samples": 4
    },
    "node-10.749586-106.671759->node-10.753465-106.669497": {
      "mae": 5.0835849571228025,
      "rmse": 5.1890763349825475,
      "num_samples": 4
    },
    "node-10.750591-106.666344->node-10.753465-106.669497": {
      "mae": 3.299248685836792,
      "rmse": 3.5303130220145684,
      "num_samples": 4
    },
    "node-10.751877-106.683760->node-10.755578-106.688708": {
      "mae": 8.781760158538816,
      "rmse": 8.936480967507755,
      "num_samples": 4
    },
    "node-10.752793-106.728535->node-10.751524-106.724035": {
      "mae": 4.912233476638794,
      "rmse": 4.945313930617287,
      "num_samples": 4
    },
    "node-10.753465-106.669497->node-10.759875-106.668686": {
      "mae": 3.1818752288818364,
      "rmse": 3.2364272025401273,
      "num_samples": 4
    },
    "node-10.753823-106.686917->node-10.751877-106.683760": {
      "mae": 6.467712135314941,
      "rmse": 6.543862111462023,
      "num_samples": 4
    },
    "node-10.753823-106.686917->node-10.755578-106.688708": {
      "mae": 16.464269905090333,
      "rmse": 16.54579653148955,
      "num_samples": 4
    },
    "node-10.753823-106.686917->node-10.756048-106.683663": {
      "mae": 5.067795438766479,
      "rmse": 5.240810018387407,
      "num_samples": 4
    },
    "node-10.753823-106.686917->node-10.759103-106.693216": {
      "mae": 7.352821741104125,
      "rmse": 7.669682663571783,
      "num_samples": 4
    }
  },
  "by_prediction_point": {
    "15:30": {
      "mae": 6.899647122192383,
      "rmse": 7.873791749209694,
      "num_samples": 50
    },
    "15:00": {
      "mae": 6.8427910728454595,
      "rmse": 7.706428585046987,
      "num_samples": 50
    },
    "14:00": {
      "mae": 6.713670930099487,
      "rmse": 7.7506971034315075,
      "num_samples": 100
    }
  },
  "variance_analysis": {
    "mean_variance": 0.7663956225888023,
    "std_variance": 0.6260320121447955,
    "max_variance": 2.9406956285274646
  }
}