{
  "overall": {
    "mae": 6.557084036204549,
    "rmse": 7.2604504733227975,
    "r2": -0.6712616362446377,
    "mape": 35.49414136432375,
    "num_samples": 576
  },
  "by_horizon": {
    "1": {
      "mae": 7.031946845319535,
      "rmse": 7.7242432373146395,
      "r2": -0.8439896726743106,
      "num_samples": 432
    },
    "2": {
      "mae": 5.132495608859592,
      "rmse": 5.6448882659172375,
      "r2": -0.09614000442146375,
      "num_samples": 144
    }
  },
  "by_edge": {
    "node-10.737984-106.721606->node-10.737481-106.730410": {
      "mae": 8.37852695465088,
      "rmse": 8.512144675699453,
      "num_samples": 4
    },
    "node-10.746522-106.660427->node-10.746264-106.669053": {
      "mae": 6.592414360046386,
      "rmse": 6.714145939785141,
      "num_samples": 4
    },
    "node-10.749586-106.671759->node-10.746264-106.669053": {
      "mae": 7.382360677719117,
      "rmse": 7.520372758506288,
      "num_samples": 4
    },
    "node-10.749586-106.671759->node-10.750591-106.666344": {
      "mae": 3.7394002532958988,
      "rmse": 4.716606597553482,
      "num_samples": 4
    },
    "node-10.749586-106.671759->node-10.753465-106.669497": {
      "mae": 5.13321774482727,
      "rmse": 5.1742962624853055,
      "num_samples": 4
    },
    "node-10.749586-106.671759->node-10.757421-106.673939": {
      "mae": 4.617780876159668,
      "rmse": 4.677121041757442,
      "num_samples": 4
    },
    "node-10.750591-106.666344->node-10.746264-106.669053": {
      "mae": 8.877023077011108,
      "rmse": 9.023376890952656,
      "num_samples": 4
    },
    "node-10.750591-106.666344->node-10.746522-106.660427": {
      "mae": 5.944949188232421,
      "rmse": 6.842757390685373,
      "num_samples": 4
    },
    "node-10.750591-106.666344->node-10.753465-106.669497": {
      "mae": 4.631629695892334,
      "rmse": 4.825455368537763,
      "num_samples": 4
    },
    "node-10.751524-106.724035->node-10.755484-106.723277": {
      "mae": 6.4344631385803215,
      "rmse": 6.589932718980677,
      "num_samples": 4
    }
  },
  "by_prediction_point": {
    "15:30": {
      "mae": 6.575613515377045,
      "rmse": 7.305151082967094,
      "num_samples": 144
    },
    "15:00": {
      "mae": 6.737340398099687,
      "rmse": 7.306292611942865,
      "num_samples": 144
    },
    "14:00": {
      "mae": 6.457691115670733,
      "rmse": 7.2148950174616795,
      "num_samples": 288
    }
  },
  "variance_analysis": {
    "mean_variance": 0.7637132605945243,
    "std_variance": 0.5538396656561466,
    "max_variance": 3.5136261444140473
  }
}