{
  "model": "GCN",
  "timestamp": "20251109_145540",
  "config": {
    "window_length": 6,
    "gcn_units": 64,
    "dropout_rate": 0.2,
    "learning_rate": 0.001,
    "epochs": 100,
    "batch_size": 16,
    "early_stopping_patience": 10
  },
  "data": {
    "train_samples": 6624,
    "val_samples": 1296,
    "test_samples": 1584,
    "num_edges": 144
  },
  "metrics": {
    "train": {
      "mae": 4.40187465165644,
      "mae_normalized": 0.6375258564949036
    },
    "val": {
      "mae": 3.9054594676059384,
      "mae_normalized": 0.565629780292511
    }
  },
  "training_history": {
    "loss": [
      0.925859808921814,
      0.8809024691581726,
      0.8507516980171204,
      0.8291754722595215,
      0.8104413747787476,
      0.8008973002433777,
      0.7904993295669556,
      0.7867430448532104,
      0.7808622717857361,
      0.7777117490768433,
      0.7731849551200867,
      0.7706559896469116,
      0.7689999341964722,
      0.7659205198287964,
      0.7646805047988892,
      0.7625573873519897,
      0.7622337341308594,
      0.7594179511070251,
      0.7601280808448792,
      0.759445071220398,
      0.756161093711853,
      0.7569417953491211,
      0.7564854025840759,
      0.7548372149467468,
      0.7541627883911133,
      0.753562867641449,
      0.7539904713630676,
      0.7533277273178101,
      0.7540276646614075,
      0.7547807693481445
    ],
    "val_loss": [
      0.6272738575935364,
      0.618926465511322,
      0.6122680902481079,
      0.6069862842559814,
      0.602695107460022,
      0.5989298224449158,
      0.5954842567443848,
      0.5926793217658997,
      0.5902857780456543,
      0.5884116888046265,
      0.5865841507911682,
      0.5851395130157471,
      0.5832973122596741,
      0.5814263224601746,
      0.5796082615852356,
      0.5781083106994629,
      0.5770843625068665,
      0.576448380947113,
      0.5761308073997498,
      0.5760781764984131,
      0.5762667059898376,
      0.576498806476593,
      0.5772361159324646,
      0.5778250098228455,
      0.5782078504562378,
      0.5786570310592651,
      0.5790688991546631,
      0.5794488191604614,
      0.5797423720359802,
      0.5798978209495544
    ],
    "mae": [
      0.7175696492195129,
      0.6971238851547241,
      0.6834574937820435,
      0.6723241806030273,
      0.6656443476676941,
      0.6605228781700134,
      0.6567283868789673,
      0.6538859605789185,
      0.6517378687858582,
      0.6490839123725891,
      0.6485189199447632,
      0.6490218043327332,
      0.6499110460281372,
      0.6494206190109253,
      0.6474193334579468,
      0.6450963616371155,
      0.6444866061210632,
      0.6421968340873718,
      0.6413921117782593,
      0.6399470567703247,
      0.6393997073173523,
      0.6427103877067566,
      0.642166018486023,
      0.6410269737243652,
      0.6397123336791992,
      0.6376767754554749,
      0.6384581327438354,
      0.6374146342277527,
      0.6369414925575256,
      0.6375258564949036
    ],
    "val_mae": [
      0.6367068886756897,
      0.6288259625434875,
      0.6224770545959473,
      0.6171544194221497,
      0.6123929023742676,
      0.6077713370323181,
      0.6034076809883118,
      0.5996248126029968,
      0.596396267414093,
      0.593935489654541,
      0.5915524363517761,
      0.5896438956260681,
      0.5871362686157227,
      0.5844597816467285,
      0.5814725160598755,
      0.5785121321678162,
      0.5757870674133301,
      0.5736580491065979,
      0.5717735886573792,
      0.5705847144126892,
      0.5697730183601379,
      0.5691633820533752,
      0.5682819485664368,
      0.5676236748695374,
      0.5672063827514648,
      0.5667824149131775,
      0.5664189457893372,
      0.5660625696182251,
      0.5657783150672913,
      0.565629780292511
    ]
  },
  "parameters": 2561
}