{
  "model": "GraphWaveNet",
  "timestamp": "20251114_191252",
  "config": {
    "sequence_length": 12,
    "num_layers": 3,
    "hidden_channels": 32,
    "kernel_size": 2,
    "dropout": 0.2,
    "learning_rate": 0.001,
    "epochs": 100,
    "batch_size": 16
  },
  "data_splits": {
    "train_samples": 67680,
    "val_samples": 14400,
    "test_samples": 14688,
    "train_ratio": 0.7,
    "val_ratio": 0.15
  },
  "final_metrics": {
    "train_mae_normalized": 0.33788469433784485,
    "train_mae_kmh": 2.201968301377261,
    "val_mae_normalized": 0.014237596653401852,
    "val_mae_kmh": 0.09278531121400488
  },
  "training_history": {
    "train_loss": [
      65.02762603759766,
      5.691656589508057,
      1.7112178802490234,
      1.0562089681625366,
      0.7852476239204407,
      0.6457964181900024,
      0.5645169019699097,
      0.5056535005569458,
      0.467715322971344,
      0.446597158908844,
      0.4350336492061615,
      0.42130929231643677,
      0.41039198637008667,
      0.40195396542549133,
      0.4036400616168976,
      0.3866294026374817,
      0.38531026244163513,
      0.38086190819740295,
      0.38050776720046997,
      0.3764524459838867,
      0.37414148449897766,
      0.3712702989578247,
      0.3720349371433258,
      0.3706642985343933,
      0.36862942576408386,
      0.36757904291152954,
      0.365353524684906,
      0.3667912781238556,
      0.36457177996635437,
      0.3615966737270355,
      0.35668936371803284,
      0.35831451416015625,
      0.35731077194213867,
      0.35744354128837585,
      0.3568130433559418,
      0.3579283058643341,
      0.35420557856559753,
      0.35326507687568665,
      0.35302969813346863,
      0.3542414605617523,
      0.3519635796546936,
      0.3520321547985077,
      0.3518494665622711,
      0.35177624225616455,
      0.35257598757743835,
      0.3531489074230194,
      0.3513713777065277,
      0.35195520520210266,
      0.35222959518432617,
      0.3513355553150177,
      0.34958022832870483,
      0.3494880795478821,
      0.3520495891571045,
      0.35091182589530945,
      0.3506447672843933,
      0.3490371108055115,
      0.3509358763694763,
      0.3492324650287628,
      0.35012513399124146,
      0.3482262194156647,
      0.3513263165950775,
      0.3496745526790619,
      0.3478473722934723,
      0.34894895553588867,
      0.3490216135978699,
      0.34934693574905396,
      0.3484920859336853,
      0.34890860319137573
    ],
    "val_loss": [
      12.612030982971191,
      0.5750992894172668,
      0.09827828407287598,
      0.11534926295280457,
      0.1056499257683754,
      0.08704961091279984,
      0.06789273023605347,
      0.03554582595825195,
      0.03341959789395332,
      0.028980618342757225,
      0.035470589995384216,
      0.03126196935772896,
      0.03146689757704735,
      0.03146902099251747,
      0.029846815392374992,
      0.015365720726549625,
      0.01731480471789837,
      0.017054982483386993,
      0.017018966376781464,
      0.013436228036880493,
      0.01670215092599392,
      0.015080616809427738,
      0.011891881003975868,
      0.014661428518593311,
      0.011491729877889156,
      0.012247750535607338,
      0.012396659702062607,
      0.018307508900761604,
      0.013098579831421375,
      0.012482658959925175,
      0.00871625542640686,
      0.005778588820248842,
      0.009487289004027843,
      0.007082121446728706,
      0.007241830229759216,
      0.008177388459444046,
      0.007712251041084528,
      0.0026180970016866922,
      0.0027799864765256643,
      0.0031053873244673014,
      0.0034777966793626547,
      0.003379738423973322,
      0.002522899769246578,
      0.000968162203207612,
      0.0010333885438740253,
      0.0008864722913131118,
      0.0011116369860246778,
      0.0012780522229149938,
      0.0013881559716537595,
      0.0009091435349546373,
      0.0008145843166857958,
      0.0007789505179971457,
      0.0007860896876081824,
      0.0008025291026569903,
      0.0007935140165500343,
      0.000756569264922291,
      0.0007289585191756487,
      0.00072632753290236,
      0.0007384142372757196,
      0.0007300546858459711,
      0.000731985317543149,
      0.0007620204705744982,
      0.000764615775551647,
      0.000727592094335705,
      0.0007268818444572389,
      0.0007576476200483739,
      0.0007616504444740713,
      0.000734697503503412
    ],
    "train_mae": [
      5.826619625091553,
      1.808638095855713,
      1.0100032091140747,
      0.7831456065177917,
      0.658836305141449,
      0.5817312002182007,
      0.5303486585617065,
      0.49057742953300476,
      0.46072110533714294,
      0.44158193469047546,
      0.42992720007896423,
      0.4193890690803528,
      0.40755531191825867,
      0.401105135679245,
      0.39955851435661316,
      0.3850390613079071,
      0.3817491829395294,
      0.3780120015144348,
      0.3772982358932495,
      0.37302109599113464,
      0.3700306713581085,
      0.3669568598270416,
      0.36675187945365906,
      0.36488741636276245,
      0.36224544048309326,
      0.3605133593082428,
      0.3581150770187378,
      0.3587455153465271,
      0.3560604155063629,
      0.3545464873313904,
      0.3490484952926636,
      0.3506142199039459,
      0.34886565804481506,
      0.3493930995464325,
      0.3478102684020996,
      0.34798553586006165,
      0.34578925371170044,
      0.3440755009651184,
      0.3428407311439514,
      0.34272605180740356,
      0.34206509590148926,
      0.3423853814601898,
      0.34092459082603455,
      0.34026050567626953,
      0.3416057825088501,
      0.3415897786617279,
      0.3412480056285858,
      0.3410382866859436,
      0.3414091169834137,
      0.3398451805114746,
      0.3384459912776947,
      0.33790701627731323,
      0.33982497453689575,
      0.3390701413154602,
      0.33924660086631775,
      0.33836114406585693,
      0.3385629653930664,
      0.337959885597229,
      0.33856379985809326,
      0.3372310996055603,
      0.33845487236976624,
      0.33701416850090027,
      0.33693185448646545,
      0.3367634415626526,
      0.336517333984375,
      0.3370667099952698,
      0.3374468982219696,
      0.33788469433784485
    ],