{
  "model": "GCN",
  "timestamp": "20251109_141700",
  "config": {
    "window_length": 6,
    "gcn_units": 64,
    "dropout_rate": 0.2,
    "learning_rate": 0.001,
    "epochs": 10,
    "batch_size": 16,
    "early_stopping_patience": 10
  },
  "data": {
    "train_samples": 6624,
    "val_samples": 1296,
    "test_samples": 1584,
    "num_edges": 144
  },
  "metrics": {
    "train": null,
    "val": null,
    "test": null
  },
  "training_history": {
    "loss": [
      0.9773095846176147,
      0.9355000257492065,
      0.9115030169487,
      0.8850727081298828,
      0.8670265078544617,
      0.8487749099731445,
      0.8326749801635742,
      0.8185919523239136,
      0.8096321821212769,
      0.8002086877822876
    ],
    "val_loss": [
      0.6216683387756348,
      0.6182835698127747,
      0.6155699491500854,
      0.6118266582489014,
      0.6071499586105347,
      0.6048652529716492,
      0.6025294661521912,
      0.5998439788818359,
      0.5982652306556702,
      0.5966717600822449
    ],
    "mae": [
      0.726656973361969,
      0.7124601006507874,
      0.7059210538864136,
      0.6954468488693237,
      0.6869081258773804,
      0.6779143810272217,
      0.6710704565048218,
      0.6634157299995422,
      0.6592692136764526,
      0.6547458171844482
    ],
    "val_mae": [
      0.6303756237030029,
      0.6271608471870422,
      0.6244742274284363,
      0.6207298636436462,
      0.6155933737754822,
      0.6125707626342773,
      0.6094606518745422,
      0.6058063507080078,
      0.6032213568687439,
      0.6006327867507935
    ]
  },
  "parameters": 2561
}