{
  "model": "GCN",
  "timestamp": "20251109_141851",
  "config": {
    "window_length": 6,
    "gcn_units": 64,
    "dropout_rate": 0.2,
    "learning_rate": 0.001,
    "epochs": 10,
    "batch_size": 16,
    "early_stopping_patience": 10
  },
  "data": {
    "train_samples": 6624,
    "val_samples": 1296,
    "test_samples": 1584,
    "num_edges": 144
  },
  "metrics": {
    "train": {
      "mae": 4.630040291785783,
      "mae_normalized": 0.6705712080001831
    },
    "val": {
      "mae": 4.277029247041658,
      "mae_normalized": 0.6194444298744202
    }
  },
  "training_history": {
    "loss": [
      0.9549802541732788,
      0.9128769636154175,
      0.8885520696640015,
      0.8656565546989441,
      0.8512487411499023,
      0.8366100192070007,
      0.826081395149231,
      0.8197293281555176,
      0.8097317814826965,
      0.8033146858215332
    ],
    "val_loss": [
      0.6543340086936951,
      0.6490122675895691,
      0.6433709263801575,
      0.6376587748527527,
      0.6335055232048035,
      0.6297675967216492,
      0.6256318092346191,
      0.6212553977966309,
      0.6162319779396057,
      0.6108272075653076
    ],
    "mae": [
      0.747153639793396,
      0.7233999967575073,
      0.7086629867553711,
      0.6955732107162476,
      0.6888145804405212,
      0.6834014654159546,
      0.6804850101470947,
      0.6766327023506165,
      0.6721982359886169,
      0.6705712080001831
    ],
    "val_mae": [
      0.6597800254821777,
      0.6548702716827393,
      0.6496500372886658,
      0.6443662047386169,
      0.6404669284820557,
      0.6370419263839722,
      0.6332527995109558,
      0.6292122006416321,
      0.6246058940887451,
      0.6194444298744202
    ]
  },
  "parameters": 2561
}