{
  "model": "GraphWaveNet",
  "timestamp": "20251114_220637",
  "config": {
    "sequence_length": 12,
    "num_layers": 4,
    "hidden_channels": 32,
    "kernel_size": 2,
    "dropout": 0.2,
    "learning_rate": 0.001,
    "epochs": 100,
    "batch_size": 16
  },
  "data_splits": {
    "train_samples": 67680,
    "val_samples": 14400,
    "test_samples": 14688,
    "train_ratio": 0.7,
    "val_ratio": 0.15
  },
  "results": {
    "train": {
      "mae": 0.38324944791893956,
      "rmse": 0.5950569870519937,
      "r2": 0.9916625732550636,
      "mape": 2.233812845012828
    },
    "val": {
      "mae": 0.2513666724185969,
      "rmse": 0.257815094865195,
      "r2": 0.9980530970080824,
      "mape": 1.4209801208051285
    },
    "test": {
      "mae": 0.25136667241859695,
      "rmse": 0.257815094865195,
      "r2": 0.9980530970080824,
      "mape": 1.4209801208051285
    }
  },
  "final_metrics": {
    "train_mae_kmh": 0.38324944791893956,
    "val_mae_kmh": 0.2513666724185969,
    "test_mae_kmh": 0.25136667241859695
  },
  "training_history": {
    "train_loss": [
      0.9211389422416687,
      0.1230282112956047,
      0.051361747086048126,
      0.030151205137372017,
      0.021982984617352486,
      0.017706310376524925,
      0.016165243461728096,
      0.013429963029921055,
      0.012050425633788109,
      0.011966574937105179,
      0.01180221140384674,
      0.01180183608084917,
      0.011757715605199337,
      0.012188431806862354,
      0.01149289682507515,
      0.011057620868086815,
      0.01067670900374651,
      0.00961978267878294,
      0.009423979558050632,
      0.008872567676007748,
      0.008977518416941166,
      0.00918007455766201,
      0.008689423091709614,
      0.008538379333913326,
      0.008668494410812855,
      0.008620324544608593,
      0.008494829759001732,
      0.008550015278160572,
      0.008845970965921879,
      0.008661641739308834,
      0.008492046035826206,
      0.008350572548806667,
      0.008283499628305435,
      0.008350086398422718,
      0.008305758237838745,
      0.0083596957847476
    ],
    "val_loss": [
      0.038465335965156555,
      0.0033727549016475677,
      0.005744798108935356,
      0.007876977324485779,
      0.0037938023451715708,
      0.004890291020274162,
      0.0045618340373039246,
      0.003716997103765607,
      0.0033959015272557735,
      0.0037941886112093925,
      0.004829745274037123,
      0.002897413680329919,
      0.003934427630156279,
      0.0034999162890017033,
      0.00541461817920208,
      0.0047352989204227924,
      0.0057962615974247456,
      0.0037228816654533148,
      0.003644508309662342,
      0.003065705532208085,
      0.003786691464483738,
      0.002885762369260192,
      0.0019475446315482259,
      0.0018386024748906493,
      0.0018185346852988005,
      0.0015650615096092224,
      0.001732023898512125,
      0.0019322446314617991,
      0.002038108417764306,
      0.0019666121806949377,
      0.0019866768270730972,
      0.001737576094456017,
      0.0017936296062543988,
      0.0022500185295939445,
      0.002720294753089547,
      0.00251624989323318
    ],
    "train_mae": [
      0.693737804889679,
      0.273450642824173,
      0.17506277561187744,
      0.13241107761859894,
      0.1106107085943222,
      0.09797045588493347,
      0.09306807816028595,
      0.08232337981462479,
      0.07543224841356277,
      0.07528357207775116,
      0.07489016652107239,
      0.07498493045568466,
      0.07489125430583954,
      0.07682548463344574,
      0.07384464144706726,
      0.0715303122997284,
      0.06965745985507965,
      0.062405962496995926,
      0.061338167637586594,
      0.05754018947482109,
      0.058481473475694656,
      0.058998845517635345,
      0.05596860125660896,
      0.054959364235401154,
      0.05553746968507767,
      0.055251345038414,
      0.0543057881295681,
      0.05466075241565704,
      0.05648450925946236,
      0.055097442120313644,
      0.054129306226968765,
      0.053543657064437866,
      0.05323896184563637,
      0.05359512194991112,
      0.05323466286063194,
      0.053894151002168655
    ],
    "val_mae": [
      0.14164255559444427,
      0.035532135516405106,
      0.07325013726949692,
      0.08699002861976624,
      0.048999253660440445,
      0.05393088981509209,
      0.04307786002755165,
      0.04518011584877968,
      0.04552739858627319,
      0.06098812445998192,
      0.06658809632062912,
      0.053609441965818405,
      0.06230289116501808,
      0.05862151458859444,
      0.07226597517728806,
      0.0672781839966774,
      0.07375737279653549,
      0.05987976863980293,
      0.059521567076444626,
      0.0550091378390789,
      0.06139438971877098,
      0.050611577928066254,
      0.04382793605327606,
      0.0424698144197464,
      0.041876453906297684,
      0.038571372628211975,
      0.04105585440993309,
      0.04355817660689354,
      0.04509243741631508,
      0.044189486652612686,
      0.04423895478248596,
      0.04119996726512909,
      0.04228582605719566,
      0.04736912623047829,
      0.052090249955654144,
      0.05003907531499863
    ]
  }
}