{
  "model": "GraphWaveNet",
  "timestamp": "20251114_232843",
  "config": {
    "sequence_length": 12,
    "num_layers": 4,
    "hidden_channels": 32,
    "kernel_size": 2,
    "dropout": 0.2,
    "learning_rate": 0.001,
    "epochs": 50,
    "batch_size": 32
  },
  "data_splits": {
    "train_samples": 5298048,
    "val_samples": 1135296,
    "test_samples": 1135296,
    "train_ratio": 0.7,
    "val_ratio": 0.15
  },
  "results": {
    "train": {
      "mae": 1.0855426028271686,
      "rmse": 1.6293937950506006,
      "r2": 0.9800159777670485,
      "mape": 3.8007557716451887
    },
    "val": {
      "mae": 1.0454613192090558,
      "rmse": 1.5203537125952988,
      "r2": 0.9792397427253124,
      "mape": 3.9334799007498256
    },
    "test": {
      "mae": 1.0579105585383133,
      "rmse": 1.5589486723191845,
      "r2": 0.9782978811474053,
      "mape": 3.985167153061596
    }
  },
  "final_metrics": {
    "train_mae_kmh": 1.0855426028271686,
    "val_mae_kmh": 1.0454613192090558,
    "test_mae_kmh": 1.0579105585383133
  },
  "training_history": {
    "train_loss": [
      0.05029721185564995,
      0.02462155371904373,
      0.023869402706623077,
      0.02371024526655674,
      0.023389669135212898,
      0.02320370450615883,
      0.02285667136311531,
      0.022706756368279457,
      0.022495053708553314,
      0.022386185824871063,
      0.022271113470196724,
      0.022192534059286118,
      0.02214260958135128,
      0.02209191955626011,
      0.02204594574868679,
      0.022013595327734947,
      0.0218144953250885,
      0.02179678902029991,
      0.021775463595986366,
      0.0217500701546669,
      0.021736035123467445,
      0.021714840084314346,
      0.02157866582274437,
      0.021561749279499054,
      0.021542787551879883,
      0.021526049822568893,
      0.021507401019334793,
      0.02148575335741043,
      0.021367210894823074,
      0.021334709599614143,
      0.02132146991789341,
      0.021286945790052414,
      0.021261177957057953,
      0.02121642231941223,
      0.021157843992114067,
      0.02109134942293167,
      0.020996589213609695,
      0.020857486873865128,
      0.020637551322579384,
      0.020546939224004745,
      0.020466364920139313,
      0.020394347608089447,
      0.020351525396108627,
      0.02031581476330757,
      0.020325401797890663,
      0.02032238058745861,
      0.020126374438405037,
      0.020128579810261726,
      0.020100722089409828,
      0.02008778415620327
    ],
    "val_loss": [
      0.02327137626707554,
      0.02113080769777298,
      0.021196192130446434,
      0.021443361416459084,
      0.021652670577168465,
      0.020587874576449394,
      0.0203266479074955,
      0.020529625937342644,
      0.02020314708352089,
      0.020281469449400902,
      0.020101085305213928,
      0.02003675512969494,
      0.020055755972862244,
      0.020067671313881874,
      0.020053111016750336,
      0.02005678415298462,
      0.0199993047863245,
      0.019980596378445625,
      0.019962359219789505,
      0.0199605580419302,
      0.019944017753005028,
      0.019927818328142166,
      0.019796103239059448,
      0.01979239657521248,
      0.01976592093706131,
      0.01974104531109333,
      0.019697202369570732,
      0.019702302291989326,
      0.019581034779548645,
      0.019546233117580414,
      0.019427746534347534,
      0.01940266229212284,
      0.019295547157526016,
      0.01919568143785,
      0.019050536677241325,
      0.018843553960323334,
      0.018596474081277847,
      0.018506746739149094,
      0.0182145144790411,
      0.018151957541704178,
      0.01773824915289879,
      0.017827169969677925,
      0.017829829826951027,
      0.017906326800584793,
      0.01776951551437378,
      0.017884960398077965,
      0.017523810267448425,
      0.017550747841596603,
      0.01753772236406803,
      0.017398832365870476
    ],
    "train_mae": [
      0.13933537900447845,
      0.10946065187454224,
      0.10651510208845139,
      0.10581650584936142,
      0.10452157258987427,
      0.10372237861156464,
      0.10229278355836868,
      0.10164406895637512,
      0.1006295308470726,
      0.10010886192321777,
      0.09957122802734375,
      0.09922587871551514,
      0.09902453422546387,
      0.09885936230421066,
      0.09868580847978592,
      0.0985872745513916,
      0.09771817922592163,
      0.09778472781181335,
      0.09782861918210983,
      0.09782922267913818,
      0.09783653169870377,
      0.0978393703699112,
      0.0973489060997963,
      0.09738416224718094,
      0.09740617871284485,
      0.09742257744073868,
      0.09745558351278305,
      0.09744520485401154,
      0.09716224670410156,
      0.0972314104437828,
      0.09728572517633438,
      0.09730926156044006,
      0.09728983789682388,
      0.0973082035779953,
      0.09730447828769684,
      0.097270168364048,
      0.09713727980852127,
      0.09677835553884506,
      0.09614704549312592,
      0.09580577909946442,
      0.0956154465675354,
      0.09548015147447586,
      0.09536963701248169,
      0.09532622992992401,
      0.0953563004732132,
      0.09535533934831619,
      0.09477173537015915,
      0.09476438909769058,
      0.09472179412841797,
      0.09471392631530762
    ],
    "val_mae": [
      0.11115994304418564,
      0.10123658925294876,
      0.09970884770154953,
      0.10328496247529984,
      0.10430118441581726,
      0.09977082163095474,
      0.09729037433862686,
      0.09889786690473557,
      0.09658344089984894,
      0.09685241430997849,
      0.0952402725815773,
      0.09438956528902054,
      0.09384845942258835,
      0.09410705417394638,
      0.0942884162068367,
      0.09448669105768204,
      0.09458866715431213,
      0.09458060562610626,
      0.09464679658412933,
      0.09466342628002167,
      0.09457102417945862,
      0.0946870893239975,
      0.09457635134458542,
      0.09463898837566376,
      0.09459590911865234,
      0.0946885272860527,
      0.09477538615465164,
      0.09488841146230698,
      0.09441559761762619,
      0.09477268904447556,
      0.09448634088039398,
      0.09456249326467514,
      0.09457861632108688,
      0.09465397149324417,
      0.09455115348100662,
      0.09399186074733734,
      0.09354196488857269,
      0.09372134506702423,
      0.09275086969137192,
      0.09305521845817566,
      0.09161439538002014,
      0.09214050322771072,
      0.09216279536485672,
      0.09197254478931427,
      0.09147512167692184,
      0.0914333239197731,
      0.09117906540632248,
      0.09102319926023483,
      0.09132887423038483,
      0.09070336818695068
    ]
  }
}