{
  "model": "GraphWaveNet",
  "timestamp": "20251114_180544",
  "config": {
    "sequence_length": 12,
    "num_layers": 3,
    "hidden_channels": 32,
    "kernel_size": 2,
    "dropout": 0.2,
    "learning_rate": 0.001,
    "epochs": 100,
    "batch_size": 16
  },
  "data_splits": {
    "train_samples": 67680,
    "val_samples": 14400,
    "test_samples": 14688,
    "train_ratio": 0.7,
    "val_ratio": 0.15
  },
  "final_metrics": {
    "train_mae_normalized": 0.3661986291408539,
    "train_mae_kmh": 2.386488014664863,
    "val_mae_normalized": 0.02463027648627758,
    "val_mae_kmh": 0.16051359823571126
  },
  "training_history": {
    "train_loss": [
      55.8650016784668,
      3.569124937057495,
      0.979313850402832,
      0.7747101187705994,
      0.6682630777359009,
      0.599831223487854,
      0.5489474534988403,
      0.5177764296531677,
      0.4874999225139618,
      0.4608882963657379,
      0.44010865688323975,
      0.42617267370224,
      0.42249077558517456,
      0.4136127233505249,
      0.40794119238853455,
      0.40294599533081055,
      0.3954298198223114,
      0.39412248134613037,
      0.39036861062049866,
      0.38232558965682983,
      0.3830108344554901,
      0.3782840371131897,
      0.3771127462387085,
      0.3770163059234619,
      0.3734051287174225,
      0.3706097900867462
    ],
    "val_loss": [
      10.11925220489502,
      0.4209347069263458,
      0.005514439661055803,
      0.027255607768893242,
      0.004569709300994873,
      0.002735285321250558,
      0.003716488368809223,
      0.010602887719869614,
      0.005201537627726793,
      0.003768771653994918,
      0.0041837990283966064,
      0.027263592928647995,
      0.0012895789695903659,
      0.007228401489555836,
      0.022376934066414833,
      0.0007282151491381228,
      0.00574902119114995,
      0.009465094655752182,
      0.005069297272711992,
      0.0017280018655583262,
      0.0036923689767718315,
      0.009876341558992863,
      0.000847821997012943,
      0.0040025473572313786,
      0.0022777190897613764,
      0.0008825539262033999
    ],
    "train_mae": [
      5.395108699798584,
      1.433319330215454,
      0.7484118938446045,
      0.651583731174469,
      0.5940855145454407,
      0.5524777770042419,
      0.5196318030357361,
      0.49511200189590454,
      0.4754040539264679,
      0.45258021354675293,
      0.43610915541648865,
      0.4246951639652252,
      0.4184930920600891,
      0.41056472063064575,
      0.4064326584339142,
      0.40140244364738464,
      0.3933781683444977,
      0.3906628489494324,
      0.38604602217674255,
      0.38045400381088257,
      0.3798055648803711,
      0.37522515654563904,
      0.3726993203163147,
      0.3706305921077728,
      0.3694070875644684,
      0.3661986291408539
    ],
    "val_mae": [
      2.966019630432129,
      0.5171082615852356,
      0.052065059542655945,
      0.145973339676857,
      0.028831368312239647,
      0.02937999553978443,
      0.058981116861104965,
      0.10102245956659317,
      0.062456246465444565,
      0.053113892674446106,
      0.06279029697179794,
      0.1587960571050644,
      0.028299780562520027,
      0.07908707112073898,
      0.14381790161132812,
      0.02114533632993698,
      0.06976575404405594,
      0.09093358367681503,
      0.06336144357919693,
      0.0355064831674099,
      0.053824473172426224,
      0.09228524565696716,
      0.02131960727274418,
      0.056134842336177826,
      0.041159793734550476,
      0.02463027648627758
    ]
  }
}