{
  "model_name": "lstm",
  "timestamp": "20251030_180917",
  "config": {
    "name": "lstm",
    "enabled": true,
    "epochs": 2,
    "batch_size": 32,
    "learning_rate": 0.001,
    "validation_split": 0.2,
    "sequence_length": 12,
    "hidden_units": [
      64,
      64
    ],
    "dropout_rate": 0.2,
    "num_of_vertices": null,
    "num_of_features": 1,
    "early_stopping_patience": 10,
    "reduce_lr_patience": 5
  },
  "feature_names": [
    "hour",
    "day_of_week",
    "is_weekend",
    "hour_sin",
    "hour_cos",
    "day_of_week_sin",
    "day_of_week_cos",
    "distance_km",
    "duration_sec",
    "speed_lag_1",
    "speed_lag_2",
    "speed_lag_3",
    "speed_rolling_mean_3",
    "speed_rolling_std_3",
    "is_morning_rush",
    "is_evening_rush",
    "is_rush_hour"
  ],
  "evaluation": {
    "error": "'mse'"
  },
  "training_history": {
    "loss": [
      1.1645177602767944,
      0.8575051426887512
    ],
    "mae": [
      0.8221212029457092,
      0.6810194849967957
    ],
    "mse": [
      1.1645177602767944,
      0.8575051426887512
    ],
    "val_loss": [
      3.242915630340576,
      3.21036958694458
    ],
    "val_mae": [
      1.2917369604110718,
      1.319843053817749
    ],
    "val_mse": [
      3.242915630340576,
      3.21036958694458
    ],
    "learning_rate": [
      0.0010000000474974513,
      0.0010000000474974513
    ]
  }
}