Model,MAE,RMSE,R²,Train Time (s)
Linear Regression,8.954333424352995e-14,1.1491187400457147e-13,1.0,0.1963489055633545
Ridge Regression,0.007477079769798276,0.010951444776649933,0.9999985725884873,0.004080295562744141
Random Forest,1.5747151340938503,2.975566168662743,0.8946230596299224,0.12504935264587402
Gradient Boosting,1.6806610040064276,3.302844970727899,0.8701677036533537,0.27720022201538086
