{
  "model": "GraphWaveNet",
  "timestamp": "20251114_204714",
  "config": {
    "sequence_length": 12,
    "num_layers": 4,
    "hidden_channels": 32,
    "kernel_size": 2,
    "dropout": 0.2,
    "learning_rate": 0.001,
    "epochs": 100,
    "batch_size": 16
  },
  "data_splits": {
    "train_samples": 67680,
    "val_samples": 14400,
    "test_samples": 14688,
    "train_ratio": 0.7,
    "val_ratio": 0.15
  },
  "results": {
    "train": {
      "mae": 0.29227309119155903,
      "rmse": 0.5742412674651616,
      "r2": 0.9922356748846209,
      "mape": 1.7227368277500161
    },
    "val": {
      "mae": 0.019796429195619327,
      "rmse": 0.03495599616615141,
      "r2": 0.9999642092337879,
      "mape": 0.0947761646721364
    },
    "test": {
      "mae": 0.01979642919561933,
      "rmse": 0.03495599616615141,
      "r2": 0.9999642092337879,
      "mape": 0.0947761646721364
    }
  },
  "final_metrics": {
    "train_mae_kmh": 0.29227309119155903,
    "val_mae_kmh": 0.019796429195619327,
    "test_mae_kmh": 0.01979642919561933
  },
  "training_history": {
    "train_loss": [
      59.81474304199219,
      4.502993106842041,
      1.438321590423584,
      1.0377644300460815,
      0.8318957090377808,
      0.7125683426856995,
      0.6274713277816772,
      0.5761552453041077,
      0.537473201751709,
      0.5050569176673889,
      0.48118600249290466,
      0.4642307758331299,
      0.4503810405731201,
      0.4386998414993286,
      0.42978981137275696,
      0.417437344789505,
      0.41136613488197327,
      0.4030213952064514,
      0.39551129937171936,
      0.3882576823234558,
      0.38405588269233704,
      0.37867602705955505,
      0.373361200094223,
      0.3722819983959198,
      0.3704434335231781,
      0.3664719760417938,
      0.36706551909446716,
      0.3671819269657135,
      0.3618192970752716,
      0.36202505230903625,
      0.3612639904022217,
      0.35950297117233276,
      0.3590763211250305,
      0.3600950837135315,
      0.3593844175338745,
      0.35537049174308777,
      0.3549630343914032,
      0.35605648159980774,
      0.3558858335018158,
      0.35268649458885193,
      0.35509997606277466,
      0.35227760672569275,
      0.35234516859054565,
      0.3516284227371216,
      0.35272783041000366,
      0.3530045747756958,
      0.35080060362815857,
      0.3515831530094147,
      0.35018593072891235,
      0.3512561023235321,
      0.3501681089401245,
      0.3534417152404785,
      0.351520836353302,
      0.3493940234184265,
      0.3510788381099701,
      0.35211583971977234,
      0.35042479634284973,
      0.3514310419559479,
      0.3493203818798065,
      0.3500143885612488,
      0.3508305549621582,
      0.3492197096347809
    ],
    "val_loss": [
      16.29120635986328,
      0.2001209706068039,
      0.12825380265712738,
      0.11201895028352737,
      0.05749446153640747,
      0.03272322192788124,
      0.02292400784790516,
      0.018890531733632088,
      0.014327993616461754,
      0.013940751552581787,
      0.013271286152303219,
      0.009158283472061157,
      0.009326670318841934,
      0.012664315290749073,
      0.00676740100607276,
      0.005406062584370375,
      0.00810240488499403,
      0.009513113647699356,
      0.00957222655415535,
      0.014769536443054676,
      0.00733839999884367,
      0.008778359740972519,
      0.004008493851870298,
      0.004838153254240751,
      0.006742272991687059,
      0.005567197222262621,
      0.006460693199187517,
      0.007858186028897762,
      0.005978262051939964,
      0.0035895078908652067,
      0.004632152616977692,
      0.0048437584191560745,
      0.004925428424030542,
      0.0058807614259421825,
      0.006748171057552099,
      0.0015152853447943926,
      0.001607725745998323,
      0.0014041900867596269,
      0.0013805599883198738,
      0.0017282463377341628,
      0.0014097864041104913,
      0.0013895073207095265,
      0.001472124014981091,
      0.001508952584117651,
      0.0016631673788651824,
      0.001450229436159134,
      0.0012958869338035583,
      0.0012986072106286883,
      0.00131656089797616,
      0.0013358477735891938,
      0.0012530206004157662,
      0.001221926067955792,
      0.0027986245695501566,
      0.003389176679775119,
      0.0029088014271110296,
      0.003135140985250473,
      0.0031761580612510443,
      0.002848787698894739,
      0.0028262408450245857,
      0.0029081208631396294,
      0.0030062345322221518,
      0.0026387686375528574
    ],
    "train_mae": [
      5.586376667022705,
      1.5874717235565186,
      0.9276575446128845,
      0.771269679069519,
      0.6792656779289246,
      0.6169391870498657,
      0.5670466423034668,
      0.5358224511146545,
      0.507849395275116,
      0.4858161211013794,
      0.4676473140716553,
      0.4535466134548187,
      0.4394574761390686,
      0.43245792388916016,
      0.42489123344421387,
      0.4127664268016815,
      0.40644532442092896,
      0.3986859619617462,
      0.39049503207206726,
      0.38501599431037903,
      0.38025587797164917,
      0.3715716302394867,
      0.3667226731777191,
      0.36446380615234375,
      0.36234575510025024,
      0.3599250018596649,
      0.35894322395324707,
      0.35849273204803467,
      0.3529064655303955,
      0.35291144251823425,
      0.3522351086139679,
      0.350695937871933,
      0.34920358657836914,
      0.3512304723262787,
      0.3498704731464386,
      0.3468266427516937,
      0.34458276629447937,
      0.3443855047225952,
      0.34426456689834595,
      0.3421533703804016,
      0.34332817792892456,
      0.34217098355293274,
      0.34236207604408264,
      0.34025126695632935,
      0.340860515832901,
      0.34099382162094116,
      0.33979350328445435,
      0.34061452746391296,
      0.34034547209739685,
      0.34059447050094604,
      0.33918875455856323,
      0.3418847620487213,
      0.3392973244190216,
      0.33805638551712036,
      0.33830001950263977,
      0.3389042913913727,
      0.3382848799228668,
      0.3383975028991699,
      0.33715036511421204,
      0.33714577555656433,
      0.3378125727176666,
      0.3367953896522522
    ],
    "val_mae": [
      3.8013312816619873,
      0.2678374946117401,
      0.3192186653614044,
      0.30155643820762634,
      0.20263376832008362,
      0.1377948373556137,
      0.10753906518220901,
      0.09883461147546768,
      0.07605641335248947,
      0.06163682043552399,
      0.059392500668764114,
      0.05069988965988159,
      0.049117591232061386,
      0.08041084557771683,
      0.042076434940099716,
      0.05813013017177582,
      0.08175782114267349,
      0.0914703905582428,
      0.09277904778718948,
      0.1178426742553711,
      0.08093767613172531,
      0.07729190587997437,
      0.03778454288840294,
      0.0499906986951828,
      0.06602183729410172,
      0.05717122554779053,
      0.0640629455447197,
      0.075099878013134,
      0.0631188228726387,
      0.040921151638031006,
      0.05209998041391373,
      0.05493626743555069,
      0.05541301891207695,
      0.06317362934350967,
      0.07006613165140152,
      0.0265237744897604,
      0.017366906628012657,
      0.023714862763881683,
      0.02110530249774456,
      0.017894724383950233,
      0.0191689133644104,
      0.01850885897874832,
      0.01659545488655567,
      0.029484368860721588,
      0.033254895359277725,
      0.02868247590959072,
      0.02142091654241085,
      0.022347696125507355,
      0.017427703365683556,
      0.02539112977683544,
      0.01929246075451374,
      0.01979646272957325,
      0.04956071078777313,
      0.05547015741467476,
      0.050718605518341064,
      0.05302983522415161,
      0.053438425064086914,
      0.05012780427932739,
      0.04989628493785858,
      0.05078259855508804,
      0.05179779231548309,
      0.04784692823886871
    ]
  }
}