{
  "model": "LSTM-Baseline",
  "timestamp": "20251112_130835",
  "config": {
    "sequence_length": 12,
    "lstm_units": [
      128,
      64
    ],
    "dropout": 0.2,
    "learning_rate": 0.001,
    "epochs": 100,
    "batch_size": 32
  },
  "dataset": {
    "path": "data\\processed\\all_runs_extreme_augmented.parquet",
    "n_train": 57744,
    "n_val": 12240,
    "n_test": 135936
  },
  "results": {
    "train": {
      "mae": 3.6076947411395306,
      "rmse": 4.770406501505775,
      "r2": 0.5416562133603596,
      "mape": 21.54977044053753
    },
    "val": {
      "mae": 4.204534735194885,
      "rmse": 5.677914740765946,
      "r2": 0.34154952954422835,
      "mape": 24.73691984447921
    },
    "test": {
      "mae": 4.49226518836988,
      "rmse": 6.146621828148806,
      "r2": 0.2330754419428348,
      "mape": 26.563088068265607
    }
  }
}