{
  "overall": {
    "mae": 7.077703188889556,
    "rmse": 7.72735453723258,
    "r2": -0.751927098182209,
    "mape": 36.45715558637085,
    "num_samples": 576
  },
  "by_horizon": {
    "1": {
      "mae": 7.684807934805199,
      "rmse": 8.29189085104711,
      "r2": -0.9859045341500137,
      "num_samples": 432
    },
    "2": {
      "mae": 5.256388951142629,
      "rmse": 5.708035644538271,
      "r2": -0.005598874553846223,
      "num_samples": 144
    }
  },
  "by_edge": {
    "node-10.737984-106.721606->node-10.737481-106.730410": {
      "mae": 7.918305292129515,
      "rmse": 7.976884126553866,
      "num_samples": 4
    },
    "node-10.746522-106.660427->node-10.746264-106.669053": {
      "mae": 7.7832407379150395,
      "rmse": 7.892249094036567,
      "num_samples": 4
    },
    "node-10.749586-106.671759->node-10.746264-106.669053": {
      "mae": 7.672806320190429,
      "rmse": 7.864515645932842,
      "num_samples": 4
    },
    "node-10.749586-106.671759->node-10.750591-106.666344": {
      "mae": 7.460706281661987,
      "rmse": 7.565124023270927,
      "num_samples": 4
    },
    "node-10.749586-106.671759->node-10.753465-106.669497": {
      "mae": 6.689458904266357,
      "rmse": 6.809786392200666,
      "num_samples": 4
    },
    "node-10.749586-106.671759->node-10.757421-106.673939": {
      "mae": 6.083789558410644,
      "rmse": 6.115593220949293,
      "num_samples": 4
    },
    "node-10.750591-106.666344->node-10.746264-106.669053": {
      "mae": 10.26502802848816,
      "rmse": 10.428154591033682,
      "num_samples": 4
    },
    "node-10.750591-106.666344->node-10.746522-106.660427": {
      "mae": 7.283373432159424,
      "rmse": 8.26416094929284,
      "num_samples": 4
    },
    "node-10.750591-106.666344->node-10.753465-106.669497": {
      "mae": 5.373459005355835,
      "rmse": 5.409729709134462,
      "num_samples": 4
    },
    "node-10.751524-106.724035->node-10.755484-106.723277": {
      "mae": 7.468901996612548,
      "rmse": 7.631169410650373,
      "num_samples": 4
    }
  },
  "by_prediction_point": {
    "15:00": {
      "mae": 7.191900281641218,
      "rmse": 7.717862142074215,
      "num_samples": 144
    },
    "15:30": {
      "mae": 7.298473038805856,
      "rmse": 7.927326397223111,
      "num_samples": 144
    },
    "14:00": {
      "mae": 6.9102197175555755,
      "rmse": 7.630207491418009,
      "num_samples": 288
    }
  },
  "variance_analysis": {
    "mean_variance": 1.1943421184096854,
    "std_variance": 0.7939467481862819,
    "max_variance": 5.348313471004985
  }
}