{
  "timestamp": "2025-11-15T20:58:56.306911",
  "model_path": "outputs\\stmgt_baseline_1month_20251115_132552",
  "data_path": "data\\processed\\baseline_1month.parquet",
  "results": {
    "train": {
      "loss": -0.17854982094182403,
      "mae": 1.8232009410858154,
      "rmse": 3.1578128337860107,
      "r2": 0.9105815887451172,
      "mape": 14.132244884967804,
      "crps": 1.4255701303482056,
      "coverage_80": 0.9061189889907837
    },
    "val": {
      "loss": -0.15516867096486844,
      "mae": 1.8738775253295898,
      "rmse": 3.2372729778289795,
      "r2": 0.9093065857887268,
      "mape": 14.26689624786377,
      "crps": 1.462551236152649,
      "coverage_80": 0.9032644033432007
    },
    "test": {
      "loss": 0.28319820892952735,
      "mae": 2.536266803741455,
      "rmse": 4.076938629150391,
      "r2": 0.8540322184562683,
      "mape": 19.12700980901718,
      "crps": 1.9390016794204712,
      "coverage_80": 0.819396436214447
    }
  },
  "config": {
    "num_nodes": 62,
    "num_edges": 144,
    "batch_size": 32,
    "device": "cuda"
  }
}